column,null_count,null_pct,non_null_count,non_null_pct,dtype
listing.valueAddedServices,234458,100.0,0,0.0,Null
listing.prices.rent,234458,100.0,0,0.0,Null
listing.prices.buy,234458,100.0,0,0.0,Null
listing.lister.website,234458,100.0,0,0.0,Null
listing.lister.contacts.viewing,234458,100.0,0,0.0,Null
listing.lister.contacts.inquiry,234458,100.0,0,0.0,Null
listing.lister.billing.payment,234458,100.0,0,0.0,Null
listing.lister.billing.directPaymentInfo,234458,100.0,0,0.0,Null
listing.lister.billing.address.geoCoordinates,234458,100.0,0,0.0,Null
listing.characteristics,234458,100.0,0,0.0,Null
auto_approval_criteria.meta,234458,100.0,0,0.0,Null
auto_approval_criteria.criteria,234458,100.0,0,0.0,Null
listing.userType,234457,99.99957348437674,1,0.00042651562326057046,String
listing.selectedBundle.tier,234457,99.99957348437674,1,0.00042651562326057046,String
listing.selectedBundle.recurringPrice,234457,99.99957348437674,1,0.00042651562326057046,Float64
listing.selectedBundle.initialPrice,234457,99.99957348437674,1,0.00042651562326057046,Float64
listing.selectedBundle.id,234457,99.99957348437674,1,0.00042651562326057046,String
listing.publishers,234457,99.99957348437674,1,0.00042651562326057046,String
listing.platforms.size,234457,99.99957348437674,1,0.00042651562326057046,String
listing.platforms.0,234457,99.99957348437674,1,0.00042651562326057046,String
listing.meta.replayCount,234457,99.99957348437674,1,0.00042651562326057046,Int64
listing.meta.listingsImporterInternalUuid,234457,99.99957348437674,1,0.00042651562326057046,String
listing.meta.fileModified,234457,99.99957348437674,1,0.00042651562326057046,String
listing.meta.advertisementId,234457,99.99957348437674,1,0.00042651562326057046,String
listing.lister.type,234457,99.99957348437674,1,0.00042651562326057046,String
listing.lister.migratedToAws,234457,99.99957348437674,1,0.00042651562326057046,Boolean
listing.lister.activeProducts,234457,99.99957348437674,1,0.00042651562326057046,String
listing.lister.accountActive,234457,99.99957348437674,1,0.00042651562326057046,Boolean
listing.externalIds.refProperty,234457,99.99957348437674,1,0.00042651562326057046,String
listing.externalIds.refObject,234457,99.99957348437674,1,0.00042651562326057046,String
listing.externalIds.refHouse,234457,99.99957348437674,1,0.00042651562326057046,String
listing.externalIds.platformListingId,234457,99.99957348437674,1,0.00042651562326057046,String
listing.externalIds.displayReferenceId,234457,99.99957348437674,1,0.00042651562326057046,String
listing.externalIds.displayPropertyReferenceId,234457,99.99957348437674,1,0.00042651562326057046,String
listing.characteristics.isUnderRoof,234457,99.99957348437674,1,0.00042651562326057046,Boolean
listing.characteristics.grossPremium,234457,99.99957348437674,1,0.00042651562326057046,String
listing.autoApprovalCriteria.seonSession,234457,99.99957348437674,1,0.00042651562326057046,String
listing.autoApprovalCriteria.meta.state,234457,99.99957348437674,1,0.00042651562326057046,String
listing.autoApprovalCriteria.meta.seonFraudScore,234457,99.99957348437674,1,0.00042651562326057046,Int64
listing.autoApprovalCriteria.criteria.seonApproved,234457,99.99957348437674,1,0.00042651562326057046,Boolean
listing.autoApprovalCriteria.criteria.hasUsedSameEmailBefore,234457,99.99957348437674,1,0.00042651562326057046,Boolean
listing.status,234456,99.99914696875346,2,0.0008530312465353518,String
listing.pricing-campaign-id,234456,99.99914696875346,2,0.0008530312465353518,String
listing.lister.logoUrl,234456,99.99914696875346,2,0.0008530312465353518,String
listing.characteristics.numberOfBathrooms,234456,99.99914696875346,2,0.0008530312465353518,Int64
listing.characteristics.hasStorage,234456,99.99914696875346,2,0.0008530312465353518,Boolean
bundle.immoScout24UpsellPrice,234456,99.99914696875346,2,0.0008530312465353518,Float64
listing.customerSegment,234455,99.99872045313019,3,0.001279546869810133,String
listing.characteristics.hasRailwayTerminal,234455,99.99872045313019,3,0.001279546869810133,Boolean
listing.meta.created,234454,99.99829393750693,4,0.0017060624930707036,String
listing.lister.website.value,234454,99.99829393750693,4,0.0017060624930707036,String
listing.lister.immoscoutId,234454,99.99829393750693,4,0.0017060624930707036,String
listing.lister.externalPlatformId,234454,99.99829393750693,4,0.0017060624930707036,String
listing.lister.contacts.inquiry.gender,234454,99.99829393750693,4,0.0017060624930707036,String
listing.characteristics.numberOfApartments,234454,99.99829393750693,4,0.0017060624930707036,Int64
listing.characteristics.hasTumbler,234454,99.99829393750693,4,0.0017060624930707036,Boolean
listing.characteristics.hasTumbleDryer,234454,99.99829393750693,4,0.0017060624930707036,Boolean
listing.characteristics.hasSteamer,234454,99.99829393750693,4,0.0017060624930707036,Boolean
listing.characteristics.hasPlayground,234454,99.99829393750693,4,0.0017060624930707036,Boolean
listing.characteristics.hasGasSupply,234454,99.99829393750693,4,0.0017060624930707036,Boolean
listing.characteristics.hasCellar,234454,99.99829393750693,4,0.0017060624930707036,Boolean
listing.characteristics.hasAttic,234454,99.99829393750693,4,0.0017060624930707036,Boolean
listing.characteristics.craneCapacity,234454,99.99829393750693,4,0.0017060624930707036,Int64
listing.version,234453,99.99786742188367,5,0.002132578116331274,Int64
listing.deleted,234453,99.99786742188367,5,0.002132578116331274,Boolean
listing.address.geoTags,234453,99.99786742188367,5,0.002132578116331274,String
listing.address.geoDistances,234453,99.99786742188367,5,0.002132578116331274,String
listing.address.geoCoordinates.manual,234453,99.99786742188367,5,0.002132578116331274,Boolean
listing.meta.insertion.version,234452,99.9974409062604,6,0.0025590937396060554,Int64
listing.zip,234451,99.99701439063713,7,0.002985609362866626,String
listing.type,234451,99.99701439063713,7,0.002985609362866626,String
listing.offer,234451,99.99701439063713,7,0.002985609362866626,String
listing.country,234451,99.99701439063713,7,0.002985609362866626,String
listing.city,234451,99.99701439063713,7,0.002985609362866626,String
listing.category,234451,99.99701439063713,7,0.002985609362866626,String
listing.canton,234451,99.99701439063713,7,0.002985609362866626,String
listing.lister.billing.couponId,234449,99.99616135939058,9,0.0038386406094161885,String
listing.lister.billing.directPaymentInfo.update_time,234444,99.99402878127425,14,0.0059712187257474625,String
listing.lister.billing.directPaymentInfo.status,234444,99.99402878127425,14,0.0059712187257474625,String
listing.lister.billing.directPaymentInfo.purchase_units,234444,99.99402878127425,14,0.0059712187257474625,String
listing.lister.billing.directPaymentInfo.payer.payer_id,234444,99.99402878127425,14,0.0059712187257474625,String
listing.lister.billing.directPaymentInfo.payer.name.surname,234444,99.99402878127425,14,0.0059712187257474625,String
listing.lister.billing.directPaymentInfo.payer.name.given_name,234444,99.99402878127425,14,0.0059712187257474625,String
listing.lister.billing.directPaymentInfo.payer.email_address,234444,99.99402878127425,14,0.0059712187257474625,String
listing.lister.billing.directPaymentInfo.payer.address.country_code,234444,99.99402878127425,14,0.0059712187257474625,String
listing.lister.billing.directPaymentInfo.links,234444,99.99402878127425,14,0.0059712187257474625,String
listing.lister.billing.directPaymentInfo.intent,234444,99.99402878127425,14,0.0059712187257474625,String
listing.lister.billing.directPaymentInfo.id,234444,99.99402878127425,14,0.0059712187257474625,String
listing.lister.billing.directPaymentInfo.create_time,234444,99.99402878127425,14,0.0059712187257474625,String
listing.lister.contacts.inquiry.note,234441,99.99274923440446,17,0.007250765595543385,String
listing.lister.contacts.viewing.email.user_hash,234436,99.99061665628813,22,0.009383343711874659,String
listing.lister.contacts.viewing.email.hash,234436,99.99061665628813,22,0.009383343711874659,String
listing.lister.contacts.viewing.email.domain_hash,234436,99.99061665628813,22,0.009383343711874659,String
listing.prices.buy.interval,234428,99.98720453130197,30,0.012795468698030277,String
listing.lister.contacts.inquiry.mobile.country_hash,234416,99.98208634382277,42,0.017913656177228177,String
listing.legacy.deliveryGroupId,234407,99.97824770321337,51,0.021752296786630154,Int64
listing.characteristics.elevatorCapacity,234403,99.9765416407203,55,0.023458359279700858,Int64
listing.lister.contacts.inquiry.phone.country_hash,234401,99.97568860947376,57,0.02431139052623621,String
listing.characteristics.hasBuildingLawRestrictions,234394,99.9727030001109,64,0.027296999889102835,Boolean
listing.characteristics.floorLoad,234384,99.96843784387822,74,0.031562156121779594,Int64
listing.characteristics.hallHeight,234383,99.96801132825496,75,0.031988671745040165,Float64
listing.characteristics.hasConnectedBuildingLand,234344,99.95137721894753,114,0.04862278105247242,Boolean
listing.fromSuggestion.platform,234320,99.94114084398912,138,0.05885915601088243,String
listing.fromSuggestion.id,234320,99.94114084398912,138,0.05885915601088243,String
listing.characteristics.isMiddleHouse,234309,99.93644917213318,149,0.06355082786681976,Boolean
listing.characteristics.isCornerHouse,234303,99.93389007839357,155,0.06610992160642581,Boolean
listing.lister.contacts.inquiry.mobile.area_hash,234299,99.9321840159005,159,0.06781598409949652,String
listing.lister.contacts.inquiry.mobile.number_hash,234298,99.93175750027724,160,0.06824249972275709,String
listing.lister.contacts.inquiry.mobile.hash,234298,99.93175750027724,160,0.06824249972275709,String
listing.characteristics.hasLiftingPlatform,234211,99.89465064105299,247,0.10534935894700936,Boolean
listing.lister.contacts.inquiry.phone.area_hash,234209,99.89379760980644,249,0.10620239019355893,String
listing.lister.contacts.inquiry.phone.number_hash,234204,99.89166503169011,254,0.1083349683098902,String
listing.lister.contacts.inquiry.phone.hash,234204,99.89166503169011,254,0.1083349683098902,String
listing.characteristics.singleFloorSpace,234183,99.8827082036015,275,0.11729179639850429,Float64
bundle.preselectionAddOnPrice,234077,99.83749754753516,381,0.1625024524648353,Float64
listing.lister.contacts.inquiry.email.user_hash,234053,99.82726117257675,405,0.1727388274232453,String
listing.lister.contacts.inquiry.email.hash,234053,99.82726117257675,405,0.1727388274232453,String
listing.lister.contacts.inquiry.email.domain_hash,234053,99.82726117257675,405,0.1727388274232453,String
listing.characteristics.hasRamp,233976,99.79441946958516,482,0.20558053041483504,Boolean
listing.lister.billing.phoneMobile.country_hash,233946,99.78162400088715,512,0.2183759991128511,String
listing.lister.legalName,233692,99.67328903257726,766,0.3267109674227413,String
listing.lister.billing.address.streetNumber,233675,99.66603826698172,783,0.3339617330182847,String
listing.lister.billing.address.streetAddition,233675,99.66603826698172,783,0.3339617330182847,String
listing.characteristics.hasFlatSharingCommunity,233608,99.6374617202228,850,0.36253827977719766,Boolean
auto_approval_criteria.criteria.swissPostAddressValidation,233579,99.62509276714806,879,0.37490723285193894,String
listing.address.geoCoordinates.accuracy,233555,99.61485639218964,903,0.38514360781036316,String
listing.prices.buy.area,233552,99.61357684531984,906,0.3864231546801591,String
listing.characteristics.isGroundFloor,233287,99.50055020515401,1171,0.4994497948459866,Boolean
listing.meta.is24PropertyId,233123,99.43060164293817,1335,0.5693983570618286,Int64
listing.characteristics.hasSewageSupply,233109,99.42463042421244,1349,0.5753695757875619,Boolean
listing.lister.contacts.viewing.note,232920,99.34401897141493,1538,0.6559810285850745,String
listing.lister.address.region,232918,99.34316594016839,1540,0.6568340598316098,String
listing.lister.address.street_hash,232849,99.31373636216294,1609,0.6862636378370581,String
listing.meta.legacyMigrated,232840,99.30989772155354,1618,0.6901022784464601,String
listing.lister.address.zip_hash,232660,99.23312490936543,1798,0.7668750906345707,String
listing.lister.address.city_hash,232660,99.23312490936543,1798,0.7668750906345707,String
listing.lister.address.country_hash,232658,99.2322718781189,1800,0.7677281218811061,String
listing.lister.address.address_hash,232658,99.2322718781189,1800,0.7677281218811061,String
listing.lister.billing.payment.convertedToPaymentTypeInvoiceOn,232264,99.06422472255159,2194,0.935775277448414,String
listing.characteristics.distanceHighSchool,232238,99.05313531634664,2220,0.9468646836533594,Int64
listing.characteristics.hasWaterSupply,232007,98.9546102073719,2451,1.0453897926281002,Boolean
listing.localization.de.text.situation,231926,98.92006244188724,2532,1.0799375581127606,String
listing.characteristics.hasPowerSupply,231828,98.87826391080705,2630,1.1217360891929502,Boolean
bundle.voluntaryTenantPlusSelected,231678,98.81428656731696,2780,1.1857134326830447,Boolean
listing.characteristics.distanceKindergarten,231547,98.75841302066894,2911,1.2415869793310605,Int64
listing.characteristics.distancePrimarySchool,231521,98.747323614464,2937,1.252676385536006,Int64
bundle.recurringPeriodPrice,231333,98.66713867728974,3125,1.332861322710258,Float64
bundle.initialPeriodPrice,231333,98.66713867728974,3125,1.332861322710258,Float64
listing.characteristics.distanceMotorway,231115,98.57415827141747,3343,1.425841728582526,Int64
listing.characteristics.isGroundFloorRaised,231079,98.55880370897985,3379,1.4411962910201481,Boolean
listing.lister.billing.phoneEvening,230897,98.4811778655452,3561,1.518822134454794,String
listing.lister.billing.payment.subscriptionResumableDate,230432,98.28284810072593,4026,1.7171518992740715,String
listing.lister.billing.phoneMobile.area_hash,230358,98.25128594460415,4100,1.7487140553958511,String
listing.lister.billing.phoneMobile.number_hash,230317,98.23379880405018,4141,1.7662011959498187,String
listing.lister.billing.phoneMobile.hash,230317,98.23379880405018,4141,1.7662011959498187,String
listing.characteristics.distanceShop,229920,98.06447210161309,4538,1.9355278983869084,Int64
listing.characteristics.distancePublicTransport,229672,97.9586962270428,4786,2.0413037729572068,Int64
listing.localization.de.urls,229449,97.8635832430542,5009,2.136416756945806,String
listing.lister.billing.address.region,227865,97.18798249579882,6593,2.8120175042011795,String
listing.lister.billing.companyName,227661,97.1009733086523,6797,2.8990266913477,String
listing.lister.contacts.viewing.phone.country_hash,227002,96.81989951291916,7456,3.1801004870808356,String
listing.meta.updatedAt,226905,96.77852749746224,7553,3.2214725025377646,String
listing.legacy.publishingGroupId,226905,96.77852749746224,7553,3.2214725025377646,Int64
listing.meta.source,226878,96.76701157563402,7580,3.2329884243659848,String
listing.lister.contacts.viewing.phone.area_hash,226556,96.62967354494195,7902,3.3703264550580485,String
listing.lister.contacts.viewing.phone.number_hash,226464,96.59043410760137,7994,3.409565892398632,String
listing.lister.contacts.viewing.phone.hash,226464,96.59043410760137,7994,3.409565892398632,String
listing.characteristics.hasStoreRoom,225512,96.18439123425091,8946,3.81560876574909,Boolean
listing.characteristics.hasDishwasher,225401,96.13704800006823,9057,3.8629519999317665,Boolean
listing.lister.contacts.viewing.givenName,224840,95.8977727354153,9618,4.102227264584698,String
listing.meta.listingHash,224579,95.78645215774254,9879,4.213547842257455,String
listing.meta.softwareName,223708,95.41495704987673,10750,4.585042950123267,String
listing.characteristics.hasSwimmingPool,223324,95.2511750505421,11134,4.748824949457898,Boolean
listing.characteristics.isSmokingAllowed,223028,95.12492642605498,11430,4.875073573945016,Boolean
listing.characteristics.cubage,222917,95.07758319187232,11541,4.922416808127679,Float64
