column,null_pct,non_null_pct,min,max,mean,median,std,unique_count,dtype
listing.legacy.personId,0,234458,28.0,5555599978112772.0,954645910067378.9,1663672055658972.5,875810385071514.5,133821,Int64
user_id,0,234458,3.0,1055114.0,710561.1115679567,835140.0,324809.90140784584,133811,Int32
listing.address.geoCoordinates.latitude,1397,233061,-89.94068485465178,67.604834,47.07366065754103,47.2889054,1.3277396344272283,107168,Float64
listing.address.geoCoordinates.longitude,1397,233061,-151.7414904,166.19334583194583,8.054982666598644,8.351754699999999,2.9025134081574913,107664,Float64
auto_approval_criteria.meta.seonFraudScore,3430,231028,0.0,100.0,10.30029247537095,0.0,20.76098441949217,5104,Float64
listing.legacy.ppaPersonId,4652,229806,962.0,5555599978112772.0,973970961471888.8,1670073122079075.0,873927439576265.6,133661,Int64
bundle.initialPrice,5323,229135,-5.0,2469.0,117.73965727627818,99.95,126.88994603358492,537,Float64
bundle.recurringPrice,5323,229135,-5.0,2469.0,129.9273451022323,99.95,118.86491764028982,541,Float64
listing.characteristics.numberOfRooms,17090,217368,0.0,150.0,3.668989915718965,3.5,1.8987503356224316,42,Float64
listing.characteristics.livingSpace,35888,198570,1e-26,1000000000000000.0,5036008140.781558,90.0,2244105045064.5474,3200,Float64
listing.prices.rent.gross,47332,187126,0.0,3351212121212121.0,17914206298.46,1870.0,7747023434807.441,5451,Int64
listing.characteristics.floor,51798,182660,-4.0,50.0,1.7556607905398007,1.0,1.923907796569249,42,Int64
bundle.period,53320,181138,7.0,56.0,8.789784584129228,7.0,6.545863354285175,5,Int64
listing.characteristics.yearBuilt,110082,124376,1010.0,2985.0,1980.2036325336078,1999.0,65.5927030871726,591,Int64
listing.characteristics.yearLastRenovated,138132,96326,1.0,2923.0,2018.640637003509,2021.0,17.964897078002938,145,Int64
listing.prices.rent.net,164141,70317,0.0,2121212121212121.0,30166421781.562283,1811.0,7999335893307.428,3552,Int64
listing.prices.rent.extra,164576,69882,0.0,1230000000000000.0,17601099228.692383,215.0,4652886390660.602,622,Int64
listing.characteristics.numberOfFloors,184602,49856,0.0,50.0,2.713615211810013,3.0,1.8027992697426751,38,Int64
listing.characteristics.totalFloorSpace,197932,36526,0.0,99000000.0,5346.150223977442,146.75,579229.9568942819,1983,Float64
listing.prices.buy.price,198074,36384,0.0,1000000000000001.0,54970793652.202644,995000.0,7414020920938.368,2323,Int64
bundle.oldInitialPrice,202733,31725,0.0,2339.0,104.52075807722616,89.95,110.46424981665929,204,Float64
listing.characteristics.lotSize,202897,31561,0.0,99000000.0,7163.088259719274,550.0,699502.567323589,2911,Float64
listing.characteristics.ceilingHeight,213508,20950,0.0,52585.0,27.581741336515513,2.5,429.9576035846159,457,Float64
listing.characteristics.cubage,222917,11541,0.0,3048040.0,1362.531195546313,837.0,28440.888204762625,2147,Float64
listing.legacy.publishingGroupId,226905,7553,513.0,2433.0,1714.3155037733352,1793.0,300.53635342358444,11,Int64
listing.characteristics.distancePublicTransport,229672,4786,1.0,6000.0,219.94755536982868,150.0,288.9529730863909,88,Int64
listing.characteristics.distanceShop,229920,4538,1.0,10000.0,419.089246364037,300.0,578.0839569146156,93,Int64
listing.characteristics.distanceMotorway,231115,3343,1.0,36000.0,3019.8217170206403,2000.0,3487.2486419649945,107,Int64
bundle.initialPeriodPrice,231333,3125,0.0,381.25,102.41249600000002,99.95,65.02424722457509,81,Float64
bundle.recurringPeriodPrice,231333,3125,34.95,381.25,113.85318400000003,99.95,52.184466499104495,80,Float64
listing.characteristics.distancePrimarySchool,231521,2937,1.0,10000.0,513.2070139598229,400.0,554.6607476694953,78,Int64
listing.characteristics.distanceKindergarten,231547,2911,1.0,50350.0,445.17451047749915,300.0,1066.731458837912,76,Int64
listing.characteristics.distanceHighSchool,232238,2220,1.0,30000.0,1087.9139639639639,600.0,1412.8138843844476,83,Int64
listing.meta.is24PropertyId,233123,1335,362426.0,8288058.0,6815980.921348315,7107439.0,1290086.589871472,1166,Int64
bundle.preselectionAddOnPrice,234077,381,49.95,99.95,72.12847769028872,49.95,24.87293305440889,3,Float64
listing.characteristics.singleFloorSpace,234183,275,0.0,1000.0,185.72545454545454,140.0,164.05200486006413,62,Float64
listing.characteristics.hallHeight,234383,75,0.0,15.5,3.2810666666666664,2.5,2.4616356753586013,27,Float64
listing.characteristics.floorLoad,234384,74,0.0,5000.0,1130.4054054054054,1000.0,1021.4084275454125,17,Int64
listing.characteristics.elevatorCapacity,234403,55,0.0,12000.0,3081.818181818182,2000.0,2378.206678017494,13,Int64
listing.legacy.deliveryGroupId,234407,51,0.0,1024.0,522.1764705882352,512.0,315.2239017512697,6,Int64
listing.meta.insertion.version,234452,6,2.0,5.0,2.5,2.0,1.224744871391589,3,Int64
listing.version,234453,5,2.0,21.0,8.2,8.0,7.758865896508329,4,Int64
listing.characteristics.craneCapacity,234454,4,0.0,3200.0,925.0,250.0,1534.8724159790395,4,Int64
listing.characteristics.numberOfApartments,234454,4,3.0,15.0,9.0,9.0,6.928203230275509,3,Int64
bundle.immoScout24UpsellPrice,234456,2,69.95,69.95,69.95,69.95,0.0,2,Float64
listing.characteristics.numberOfBathrooms,234456,2,2.0,2.0,2.0,2.0,0.0,2,Int64
listing.autoApprovalCriteria.meta.seonFraudScore,234457,1,100.0,100.0,100.0,100.0,,2,Int64
listing.meta.replayCount,234457,1,1.0,1.0,1.0,1.0,,2,Int64
listing.selectedBundle.initialPrice,234457,1,64.95,64.95,64.95,64.95,,2,Float64
listing.selectedBundle.recurringPrice,234457,1,64.95,64.95,64.95,64.95,,2,Float64
