listing.address.address_hash,count
ecbad8a5d92421f6b1853e906d2ed0ad55ca863990d568989ddc15ef04970b2a,11
8bcca3c2894cb44aca4f88457847abc89895da594455d9224f08a9996b04fb2d,7
14fc0a5c42ac37587984a7e0e6aa0aec6231fe8f936717bb9c8f9de3ecaa36c7,7
6b14cfdd70dce66d28cc95c24f8b3de697b41f247da629ca14a483a1da45fd24,4
0da890a4183d0685f0a37139693c5a7e02ddfd3022e21586d3e7052d85f573c7,4
b62a2366a79058310399cfa24a26eb6c8ad71c59fcc5cafa9a339d26359f0e56,2
84b84d70ef46155b3af2aad7254961f83b3fd50b01af9b2c9187f7e58de18745,1
41bc5caa3f4878d138b7b4ce095872ed0eea86f0b47513ff6366ae0385fa0ae3,1
c1106d8cb64eb031a153fd4c0d35adfac9b444b72dc55593056b08ba06fee015,1
22f11343935dfe1b2dd437db79656175144e2468d043dd7b798537f29befc074,1
