listing.address.zip_hash,count
e8d347ccebd5987caed316b805b04ae7d8075054c0707b0728fa5ef1fd7d46b3,29
2c2c7899d25f35127bd61ad8c141459605e7db1da9aea5c02cfc731480ce3580,17
f6160158263cdeb8f62bb17a5b465db98a78c87049684da092d1962608d51499,14
eda609eaa6b2b38489dfb679654c247f263ec1205adea7fc4e710821b37af9ed,11
ff5966c5c159810bcd4ba2a4feaa902ebe1cb29aa02e771c7812452d85dc7603,10
042a23b7e833ddad984d4af9571b1ce1ce71291cec0790b10d4748849c64d2f1,4
603081acb226de4654a1b40bf6f6e481f24dc9e2d4b2315846d3bdc8759397c3,2
8b0db3e1d6cf0e5b0b57dc086a73f84c01bfab6c4122645e192138affffec168,1
243394806c0420b951d2764655d1e04bef4603494ab5c0b03bc1855d583ee83c,1
57bc312baece6dabb7ae18e9911990457d4c7361e2dc66d807c0d7b9b7ebfa16,1
