listing.address.country_hash,count
ad52dcaee76abea1a8fa589321e6b82ee47ccd963d0638891b1b5d99cc04d26f,1012
13eba3a11551cc8fa6c8a615963d5710c8c9a9c6e7340f2bd77eeb9d04dbcbcc,477
21e43304815b3faadd07c64af3b2eb660d0ecb35327bf3a817600e70665e6ab1,80
fe0fef20f23c1f69c42b2b2398e293a8fc5bb85f87e3933146bcbaeebec2f235,50
f9a486b947d4c0c9b0553a7616ec4f082caf85af97a170d327daeeaef2aea3f7,5
132fdd4cc6d9470bedd0fd0f5ee0d7c8d7c1279f127fb9d58e39e4c9084cdae4,2
752fc0fd28bb92b846770f9f80c7d1f198f6e3ee431a862b2d6ea3097efb28a1,2
2a379c8c0c3e31af7f3726b4c4c5fb2ed50102ee7cf8e2639ba2beb70b0621fb,2
2583ab067ffec077fa5e780cf03aa0fbe99fbc61f2c024752b6061255f2ebaa1,2
204b2926f46a4f5c3ed641b246ba095b2bdb31a7434dcd511fae565fb3604f05,1
