listing.address.city_hash,count
acc476e5b35349aff6fcb5dca9f561af214dabfde0003b9b551815d0fd403a59,202
bcc4443ea989a9ab22378207c336007ce0d6374f3378454a767f72a419264535,50
1dddaa05d0486b9e43208447ad80c6e4c24bc4a1946240ee440988c1a1ac4481,18
9a5b90e1a6235407020465a51aaf60317eb0c8246dbaf7f0f6c445cf0990fbbf,11
2ac501de0ff4b500ce11dd1eeafb145950b8cc80818ad6c0ae139926b5a70770,6
b4634af8adb447140e6931d98b7cddab1da9eb3dc0882805b2ca1420a0c577eb,4
d36f51ab336da094cb721ee7c51e3a2b01a9a25323bb5d17dcde55b881e5c47d,1
76c92ce4a85724a673997b03424824efeafe1993290ec67956534742dddf2385,1
07e5dbb9a7e00ede2a7831e174c09531c0a9bfad36643c3385feba48f08f6782,1
b6273d70bb2c9f6943a441f8d1ce5eca65cc8f51c65ff7654b60a8be36c04fda,1
